{"mfu":-100,"iter":0,"lr":0,"_runtime":7.287606,"val/loss":0.10356445610523224,"_step":0,"_timestamp":1.743927645330474e+09,"train/loss":0.1048583984375,"_wandb":{"runtime":389}}