{"lr":2.9999999999999997e-05,"_timestamp":1.7439293817512848e+09,"val/loss":0.4365062713623047,"_wandb":{"runtime":394},"mfu":0.3686455788556715,"train/loss":0.3352035582065582,"_runtime":390.6756716,"_step":10,"iter":100}