{"iter":0,"mfu":-100,"val/loss":0.0531005859375,"train/loss":0.05518798902630806,"lr":0,"_timestamp":1.7438880603145692e+09,"_wandb":{"runtime":3305},"_runtime":6.3635374,"_step":0}