{"iter":10,"lr":2.9999999999999997e-06,"_timestamp":1.743887863182921e+09,"_runtime":42.2847131,"mfu":0.45255169504884357,"train/loss":0.04641113430261612,"_step":1,"_wandb":{"runtime":53},"val/loss":0.04782714694738388}