{"_runtime":274.4052179,"mfu":0.15251682525207547,"val/loss":0.59246826171875,"_timestamp":1.7439608682242477e+09,"lr":1e-05,"train/loss":0.608630359172821,"_step":6,"iter":300,"_wandb":{"runtime":277}}