{"lr":0,"_timestamp":1.7439299699835978e+09,"train/loss":1.054772973060608,"iter":0,"_step":0,"mfu":-100,"_runtime":4.9968882,"val/loss":1.0546143054962158,"_wandb":{"runtime":22}}