{"_wandb":{"runtime":265},"iter":0,"_runtime":8.6655022,"mfu":-100,"train/loss":0.05518798902630806,"val/loss":0.0531005859375,"lr":0,"_timestamp":1.7439273233597195e+09,"_step":0}