{"val/loss":0.05656738206744194,"mfu":-100,"train/loss":0.05653076246380806,"_step":0,"lr":0,"_timestamp":1.7438867776121962e+09,"_wandb":{"runtime":70},"_runtime":7.7495019,"iter":0}