{"val/loss":0.05656738206744194,"_step":0,"mfu":-100,"_wandb":{"runtime":3200},"train/loss":0.05653076246380806,"iter":0,"_runtime":7.8031016,"lr":0,"_timestamp":1.7438832207471042e+09}