{"_runtime":7.5152139,"val/loss":0.0531005859375,"train/loss":0.05518798902630806,"_step":0,"_wandb":{"runtime":153},"mfu":-100,"lr":0,"_timestamp":1.7438871847627707e+09,"iter":0}