{"_runtime":341.1753118,"iter":100,"_step":10,"val/loss":0.4593368470668793,"_wandb":{"runtime":343},"train/loss":0.3167858123779297,"lr":2.9999999999999997e-05,"mfu":0.4229409102827728,"_timestamp":1.7439435377993677e+09}