{"_timestamp":1.7439596527793717e+09,"mfu":-100,"iter":0,"train/loss":4.339044094085693,"lr":0,"_wandb":{"runtime":910},"_runtime":892.6799491,"_step":0,"val/loss":4.494598865509033}