{"_step":100,"val/loss":1.5041872262954712,"_runtime":3503.8304379,"_wandb":{"runtime":3507},"iter":1000,"train/loss":0.01687910407781601,"lr":0.0003,"_timestamp":1.743934948834666e+09,"mfu":0.40161809289192163}