{"mfu":-100,"train/loss":1.0616455078125,"_wandb":{"runtime":386},"_step":0,"iter":0,"val/loss":1.062768578529358,"_timestamp":1.7439283882464254e+09,"_runtime":3.2649347,"lr":0}