{"train/loss":0.05653076246380806,"val/loss":0.05656738206744194,"_runtime":7.9556166,"_timestamp":1.7438865592890832e+09,"lr":0,"mfu":-100,"_step":0,"iter":0,"_wandb":{"runtime":48}}