{"_runtime":8.8834524,"_wandb":{"runtime":1416},"_timestamp":1.7438816592667358e+09,"mfu":-100,"train/loss":0.05653076246380806,"iter":0,"val/loss":0.05656738206744194,"lr":0,"_step":0}